Country;Type;Name
Spain;femaleName;María Carmen
Spain;femaleName;María
Spain;femaleName;Carmen
Spain;femaleName;Josefa
Spain;femaleName;Isabel
Spain;femaleName;Ana María
Spain;femaleName;María Pilar
Spain;femaleName;María Dolores
Spain;femaleName;María Teresa
Spain;femaleName;Ana
Spain;femaleName;Laura
Spain;femaleName;Francisca
Spain;femaleName;María Ángeles
Spain;femaleName;Cristina
Spain;femaleName;Antonia
Spain;femaleName;Marta
Spain;femaleName;Dolores
Spain;femaleName;María Isabel
Spain;femaleName;María Jose
Spain;femaleName;Lucia
Spain;femaleName;María Luisa
Spain;femaleName;Pilar
Spain;femaleName;Elena
Spain;femaleName;Concepción
Spain;femaleName;Sara
Spain;femaleName;Paula
Spain;femaleName;Manuela
Spain;femaleName;Mercedes
Spain;femaleName;Rosa María
Spain;femaleName;Raquel
Spain;femaleName;María Jesus
Spain;femaleName;Juana
Spain;femaleName;Rosario
Spain;femaleName;Teresa
Spain;femaleName;Encarnación
Spain;femaleName;Beatriz
Spain;femaleName;Nuria
Spain;femaleName;Silvia
Spain;femaleName;Julia
Spain;femaleName;Rosa
Spain;femaleName;Montserrat
Spain;femaleName;Patricia
Spain;femaleName;Irene
Spain;femaleName;Andrea
Spain;femaleName;Rocío
Spain;femaleName;Mónica
Spain;femaleName;Alba
Spain;femaleName;María Mar
Spain;femaleName;Ángela
Spain;femaleName;Sonia
Spain;femaleName;Alicia
Spain;femaleName;Sandra
Spain;femaleName;Susana
Spain;femaleName;Margarita
Spain;femaleName;Marina
Spain;femaleName;Yolanda
Spain;femaleName;María Josefa
Spain;femaleName;Natalia
Spain;femaleName;María Rosario
Spain;femaleName;Inmaculada
Spain;femaleName;Eva
Spain;femaleName;María Mercedes
Spain;femaleName;Esther
Spain;femaleName;Ana Isabel
Spain;femaleName;Ángeles
Spain;femaleName;Noelia
Spain;femaleName;Claudia
Spain;femaleName;Verónica
Spain;femaleName;Amparo
Spain;femaleName;María Rosa
Spain;femaleName;Carolina
Spain;femaleName;María Victoria
Spain;femaleName;Carla
Spain;femaleName;Eva María
Spain;femaleName;María Concepción
Spain;femaleName;Nerea
Spain;femaleName;Lorena
Spain;femaleName;Ana Belén
Spain;femaleName;Victoria
Spain;femaleName;Míriam
Spain;femaleName;María Elena
Spain;femaleName;Sofía
Spain;femaleName;Catalina
Spain;femaleName;Inés
Spain;femaleName;María Antonia
Spain;femaleName;Consuelo
Spain;femaleName;Emilia
Spain;femaleName;María Nieves
Spain;femaleName;Lidia
Spain;femaleName;Luisa
Spain;femaleName;Gloria
Spain;femaleName;Celia
Spain;femaleName;Olga
Spain;femaleName;Aurora
Spain;femaleName;Esperanza
Spain;femaleName;Josefina
Spain;femaleName;María Soledad
Spain;femaleName;Milagros
Spain;femaleName;María Cristina
Spain;femaleName;Daniela
Spain;maleName;Antonio
Spain;maleName;Jose
Spain;maleName;Manuel
Spain;maleName;Francisco
Spain;maleName;Juan
Spain;maleName;David
Spain;maleName;Jose Antonio
Spain;maleName;Jose Luis
Spain;maleName;Javier
Spain;maleName;Francisco Javier
Spain;maleName;Jesús
Spain;maleName;Daniel
Spain;maleName;Carlos
Spain;maleName;Miguel
Spain;maleName;Alejandro
Spain;maleName;Jose Manuel
Spain;maleName;Rafael
Spain;maleName;Pedro
Spain;maleName;Ángel
Spain;maleName;Miguel Ángel
Spain;maleName;Jose María
Spain;maleName;Fernando
Spain;maleName;Pablo
Spain;maleName;Luis
Spain;maleName;Sergio
Spain;maleName;Jorge
Spain;maleName;Alberto
Spain;maleName;Juan Carlos
Spain;maleName;Juan José
Spain;maleName;Álvaro
Spain;maleName;Diego
Spain;maleName;Adrián
Spain;maleName;Juan Antonio
Spain;maleName;Raul
Spain;maleName;Enrique
Spain;maleName;Ramón
Spain;maleName;Vicente
Spain;maleName;Iván
Spain;maleName;Rubén
Spain;maleName;Óscar
Spain;maleName;Andrés
Spain;maleName;Joaquín
Spain;maleName;Juan Manuel
Spain;maleName;Santiago
Spain;maleName;Eduardo
Spain;maleName;Víctor
Spain;maleName;Roberto
Spain;maleName;Jaime
Spain;maleName;Francisco José
Spain;maleName;Mario
Spain;maleName;Ignacio
Spain;maleName;Alfonso
Spain;maleName;Salvador
Spain;maleName;Ricardo
Spain;maleName;Marcos
Spain;maleName;Jordi
Spain;maleName;Emilio
Spain;maleName;Julián
Spain;maleName;Julio
Spain;maleName;Guillermo
Spain;maleName;Gabriel
Spain;maleName;Tomás
Spain;maleName;Agustín
Spain;maleName;Jose Miguel
Spain;maleName;Marc
Spain;maleName;Gonzalo
Spain;maleName;Félix
Spain;maleName;Jose Ramón
Spain;maleName;Mohamed
Spain;maleName;Hugo
Spain;maleName;Joan
Spain;maleName;Ismael
Spain;maleName;Nicolás
Spain;maleName;Cristian
Spain;maleName;Samuel
Spain;maleName;Mariano
Spain;maleName;Josep
Spain;maleName;Domingo
Spain;maleName;Juan Francisco
Spain;maleName;Aitor
Spain;maleName;Martín
Spain;maleName;Alfredo
Spain;maleName;Sebastián
Spain;maleName;Jose Carlos
Spain;maleName;Felipe
Spain;maleName;Héctor
Spain;maleName;César
Spain;maleName;Jose Ángel
Spain;maleName;Jose Ignacio
Spain;maleName;Víctor Manuel
Spain;maleName;Iker
Spain;maleName;Gregorio
Spain;maleName;Luis Miguel
Spain;maleName;Álex
Spain;maleName;Jose Francisco
Spain;maleName;Juan Luis
Spain;maleName;Rodrigo
Spain;maleName;Albert
Spain;maleName;Xavier
Spain;maleName;Lorenzo
Spain;surName;García
Spain;surName;González
Spain;surName;Rodríguez
Spain;surName;Fernández
Spain;surName;López
Spain;surName;Martínez
Spain;surName;Sánchez
Spain;surName;Pérez
Spain;surName;Gómez
Spain;surName;Martín
Spain;surName;Jiménez
Spain;surName;Ruiz
Spain;surName;Hernández
Spain;surName;Díaz
Spain;surName;Moreno
Spain;surName;Álvarez
Spain;surName;Muñoz
Spain;surName;Romero
Spain;surName;Alonso
Spain;surName;Gutierrez
Spain;surName;Navarro
Spain;surName;Torres
Spain;surName;Domínguez
Spain;surName;Vázquez
Spain;surName;Ramos
Spain;surName;Gil
Spain;surName;Ramírez
Spain;surName;Serrano
Spain;surName;Blanco
Spain;surName;Molina
Spain;surName;Suárez
Spain;surName;Morales
Spain;surName;Ortega
Spain;surName;Delgado
Spain;surName;Castro
Spain;surName;Ortiz
Spain;surName;Rubio
Spain;surName;Marín
Spain;surName;Sanz
Spain;surName;Núñez
Spain;surName;Iglesias
Spain;surName;Medina
Spain;surName;Garrido
Spain;surName;Santos
Spain;surName;Castillo
Spain;surName;Cortés
Spain;surName;Lozano
Spain;surName;Guerrero
Spain;surName;Cano
Spain;surName;Prieto
Spain;surName;Méndez
Spain;surName;Calvo
Spain;surName;Cruz
Spain;surName;Gallego
Spain;surName;Vidal
Spain;surName;Leon
Spain;surName;Herrera
Spain;surName;Márquez
Spain;surName;Peña
Spain;surName;Cabrera
Spain;surName;Flores
Spain;surName;Campos
Spain;surName;Vega
Spain;surName;Fuentes
Spain;surName;Díez
Spain;surName;Carrasco
Spain;surName;Caballero
Spain;surName;Nieto
Spain;surName;Reyes
Spain;surName;Aguilar
Spain;surName;Pascual
Spain;surName;Herrero
Spain;surName;Santana
Spain;surName;Lorenzo
Spain;surName;Hidalgo
Spain;surName;Montero
Spain;surName;Giménez
Spain;surName;Ibáñez
Spain;surName;Ferrer
Spain;surName;Durán
Spain;surName;Vicente
Spain;surName;Santiago
Spain;surName;Benítez
Spain;surName;Mora
Spain;surName;Arias
Spain;surName;Vargas
Spain;surName;Carmona
Spain;surName;Crespo
Spain;surName;Román
Spain;surName;Pastor
Spain;surName;Soto
Spain;surName;Sáez
Spain;surName;Velasco
Spain;surName;Moya
Spain;surName;Soler
Spain;surName;Estéban
Spain;surName;Parra
Spain;surName;Bravo
Spain;surName;Gallardo
Spain;surName;Rojas
